street_light,bus_stops,shops,poi,parking_slots,police_distance,hospital_distance,emergency_count,travel_hour,safety_score
38,13,26,10,3,3692.5551165014067,488.79538294442546,4,5,29.236363636363638
28,7,2,24,6,1922.8287564056975,4855.45812100177,5,2,28.781818181818185
14,8,27,21,44,6916.085227920512,6338.397471028422,1,9,61.95454545454546
7,5,9,12,34,2182.1710382813153,5893.388448541859,4,23,32.18181818181819
20,10,18,17,47,5441.049210157751,1066.1124194455913,6,5,23.490909090909096
38,6,2,1,8,3106.9704224259626,1058.6437323325767,9,22,32.75454545454545
18,0,28,20,7,1602.278354572151,5731.354479804996,9,15,52.95454545454545
22,13,28,14,44,5638.087594961056,6484.929067301188,7,16,48.77272727272727
10,4,21,19,16,2468.5261653974935,3332.554842867726,6,18,53.23636363636365
10,4,14,17,16,6083.314762305115,3593.0035950136084,7,2,20.309090909090912
23,9,0,14,48,6423.748857441196,2364.181881422936,8,17,41.090909090909086
35,13,6,18,32,6046.802080660676,6281.002804143615,4,6,52.72727272727272
39,3,11,22,31,438.0538206862784,4585.33975598802,4,8,67.0
23,5,16,23,7,5554.138746034718,2160.110724738106,9,19,45.34545454545456
2,6,29,11,18,2997.108372194178,2231.723523168911,3,11,74.04545454545455
21,8,20,12,37,6141.31585723913,6260.160496832496,8,4,18.254545454545454
1,0,25,21,2,4538.0889862562235,292.71136255958595,4,2,24.290909090909093
23,14,28,10,4,5868.773312178917,2394.540694541141,1,10,70.31818181818183
29,5,23,4,12,3596.1360350944806,3969.6254322713094,9,3,23.327272727272728
37,6,19,0,46,3838.173431272743,1207.8787422754076,7,4,22.56363636363637
1,2,4,23,45,1181.8358985089371,826.2715285572106,6,0,21.527272727272727
20,7,3,2,30,5531.114039087617,5743.879051415808,7,17,38.31818181818182
32,14,27,21,15,3051.8493593354074,6281.9498428098495,2,11,78.45454545454547
11,4,11,18,49,3600.544804246762,5800.523661427688,3,12,52.04545454545455
21,14,29,22,31,5538.6644558508115,6311.757650213965,4,8,62.54545454545454
24,8,19,6,21,4272.1487205401845,3961.161403196926,5,1,24.636363636363633
26,4,27,11,28,1567.4713466101387,5723.355222734325,0,4,29.52727272727273
27,8,23,14,21,4213.58208222607,2811.489941059483,3,12,70.95454545454545
15,9,17,24,42,2971.903434261659,4730.6214580574615,9,15,54.40909090909092
14,3,16,4,2,3392.773685898266,6924.081613446318,4,15,49.27272727272727
2,8,18,14,9,392.51666593814093,1734.9485221060665,6,23,41.18181818181817
36,4,8,7,41,1628.1995767107148,2851.318274779348,4,2,22.981818181818188
6,9,3,9,20,2111.0589533909924,3464.3221657085824,0,21,42.81818181818181
20,8,25,15,15,5048.128053439879,1138.5053117363518,6,3,27.818181818181824
8,2,20,7,11,278.1488184271841,751.0625511623862,7,10,60.31818181818183
38,14,1,0,1,2979.685376358098,5842.115490987046,6,22,29.618181818181817
17,3,3,11,40,6483.382718894984,6842.201735227586,3,13,43.59090909090909
3,8,1,4,23,960.7881925340422,2952.130434041679,7,2,18.127272727272732
24,9,14,2,34,3711.685839886555,796.0188861236422,4,15,65.81818181818181
13,10,1,0,29,5548.35220025776,647.5199726959202,9,21,22.71818181818182
8,5,3,3,29,6609.212891136794,6260.963803250031,8,14,28.18181818181818
25,1,5,7,46,5278.081148829282,3353.9368981482235,9,9,29.863636363636363
1,6,6,2,34,5099.845730781962,2376.185752624265,4,8,43.909090909090914
19,1,9,9,18,5820.119013331185,3439.9366444279167,0,10,59.545454545454554
27,10,18,1,49,3234.168302647297,2364.4678439079617,8,15,48.909090909090914
6,1,18,10,7,5679.742821801265,3525.4432720918157,4,9,49.18181818181818
7,10,25,24,25,254.15795226906766,6044.98349904197,5,16,61.31818181818181
34,0,21,9,48,6487.015176562273,4227.649323222251,3,18,41.127272727272725
13,10,28,20,39,3214.484264716792,4923.645655109192,5,1,26.381818181818183
16,10,11,13,6,3962.9852774870837,2679.7605983934886,7,23,34.93636363636364
35,11,2,6,29,1933.1992926211997,5221.839973871527,2,22,37.14545454545455
39,10,12,1,6,5249.209663314866,4732.996177179732,4,1,23.890909090909094
3,2,17,8,2,721.123484031692,1013.0215847139839,1,5,27.43636363636364
1,5,7,15,0,6133.923457318479,4093.9714011859755,1,18,40.400000000000006
5,7,20,12,35,5831.194437243131,1945.8557749063546,6,7,52.63636363636364
3,8,14,8,24,1669.2087904644115,5667.850553508431,9,2,16.600000000000005
28,6,0,19,36,5703.405908339784,3096.3764175751885,9,13,43.4090909090909
17,3,2,3,0,5547.232584818074,6963.852323336113,9,15,19.318181818181817
25,5,25,21,14,4499.072864726853,829.0029779849538,5,0,32.0909090909091
33,4,7,9,36,2739.9372029178753,5506.3654666330785,3,20,46.654545454545456
9,7,3,21,12,2046.1915284367014,4781.171788086664,4,2,26.290909090909093
35,0,15,11,39,1776.1284139675802,5418.992048016797,0,21,39.27272727272727
13,0,29,16,7,2366.5409467925288,2291.2026093351033,6,17,64.36363636363637
30,12,22,13,4,6344.197415341207,3545.970527800324,7,8,54.227272727272734
14,14,9,13,8,727.9572767237127,5616.257934121217,8,5,21.6
7,10,11,24,0,5836.324678520119,1781.281055021814,7,22,27.136363636363637
13,5,13,1,35,2572.4525102844004,1737.0257381628342,4,20,52.07272727272727
22,9,13,20,34,3746.875892877236,3947.14648240554,2,0,28.799999999999997
39,11,1,24,1,5602.502308809737,3760.2323408030193,9,20,36.472727272727276
20,1,22,19,39,6213.760519756205,2119.3847988079433,8,9,45.90909090909091
15,4,4,10,22,2544.5136564939994,2226.9144235687945,5,5,21.436363636363637
17,0,4,15,8,3340.53567267075,2089.3471098046452,4,22,33.54545454545455
23,6,5,18,33,3018.7092407541872,5446.282021589716,2,11,63.36363636363635
25,0,12,22,45,290.1070278265917,4632.925885824732,5,3,23.145454545454548
24,3,8,5,13,2212.411644238865,5860.436847189719,2,12,65.72727272727273
28,8,29,23,3,3322.4867893814203,6833.216592535348,9,16,56.4090909090909
14,0,21,18,29,2995.4365403869906,3424.3172146495076,5,7,58.68181818181818
0,3,27,4,30,5109.1187471066205,653.5183935570521,3,19,44.618181818181824
24,5,28,3,37,2816.664597103502,527.027710801841,1,2,33.10909090909092
6,5,14,14,10,3527.7598530005575,2210.5222670470102,7,11,55.68181818181818
8,11,13,3,34,3121.338426500071,6541.303207596666,3,6,50.31818181818182
23,14,23,19,7,5236.257812481719,3757.8487738019494,8,11,60.27272727272728
0,12,6,9,2,6068.212313111345,2048.1483093448783,6,1,16.581818181818182
7,7,24,23,13,3816.845737251096,2914.334202674933,1,23,46.55454545454545
23,0,19,21,12,5568.1389205273,4270.446730351761,3,13,64.04545454545455
10,6,1,2,44,2218.149437734984,4640.057675337327,4,21,31.85454545454546
16,0,6,4,31,3881.313349069427,1246.6526665237543,2,22,33.981818181818184
7,12,5,5,33,2547.5636849558127,6843.8154005071965,8,4,15.854545454545455
34,13,16,20,44,3016.566293888446,3904.451143482964,4,8,65.0909090909091
34,6,26,21,18,5180.414280726146,1122.6805609874991,1,20,67.67272727272729
32,2,24,7,37,6195.304879862447,6276.719722753709,2,10,56.27272727272727
4,10,24,6,15,1026.1686593968047,707.5413313401159,8,4,25.163636363636364
38,7,27,20,1,4515.546944114188,6372.600945607086,6,2,24.836363636363636
27,2,1,9,39,4158.57789152903,6976.64646276508,1,16,57.136363636363626
6,13,2,5,16,1005.2222663963367,4962.936234264226,8,1,19.81818181818182
8,13,4,13,33,1640.8814469927418,5439.0411033031305,3,23,32.809090909090905
7,12,4,3,41,2314.816964182226,2493.6592879789073,8,0,16.21818181818182
11,0,0,24,15,1335.13128155901,6602.72259859075,1,6,64.22727272727273
33,12,7,12,37,1857.360481165524,3802.0549695369,9,13,53.40909090909091
32,12,11,19,1,2019.6854322596112,5180.241436863373,3,4,26.96363636363636
22,13,23,16,1,2482.5820646656052,6483.932468196701,4,18,54.54545454545454
23,7,3,22,25,5295.855079047881,6831.223836633457,1,10,60.59090909090909
36,2,12,6,12,4089.002986184085,5865.789624857385,9,22,27.62727272727273
34,1,22,3,46,6906.47736926953,2260.519047477804,0,1,22.836363636363643
39,0,14,13,30,3020.203623378803,6772.52311255416,6,7,46.81818181818182
21,13,10,2,33,5326.2825020910905,4471.212812456288,9,8,40.86363636363636
26,2,9,23,38,6125.98526536043,6528.368839193327,0,2,24.654545454545453
34,14,2,4,2,4817.053752658685,4797.514175537593,7,1,19.872727272727275
0,1,21,15,7,3000.680234838973,2289.2249405644993,2,6,63.0909090909091
34,1,13,22,22,5324.44348907112,2716.1667641711483,9,4,16.490909090909092
36,5,15,19,13,1584.936536854257,3943.2080842999953,5,20,59.8909090909091
13,11,9,3,26,2427.3547232249,5572.100922607197,6,4,19.745454545454546
2,0,28,23,28,3917.459734675164,2362.2813491142774,9,19,36.03636363636364
0,1,9,23,38,4112.783833545809,4142.1719297125055,0,12,60.63636363636363
4,13,11,1,38,350.56203321388034,2550.2499563195306,5,20,42.290909090909096
25,5,29,17,0,6626.776483540859,5747.231951518729,6,19,39.78181818181818
13,2,8,18,16,4937.065444278252,3373.751037622063,5,5,23.98181818181818
38,14,0,18,40,3570.785501576859,721.7152225996196,3,19,55.23636363636364
26,3,4,16,29,6545.265193976496,1329.1571460744474,0,17,67.27272727272727
8,0,19,13,12,3185.8498437056337,615.5117398134996,8,1,20.654545454545456
14,7,7,18,20,6866.961877838528,3595.2600328974117,3,5,25.03636363636364
14,12,10,21,18,3683.5363492556985,923.0936219679447,6,8,68.27272727272728
25,6,11,23,18,977.1432359862603,976.1517913054984,6,2,30.94545454545455
12,6,0,12,24,5400.646612723085,6599.128168260964,1,0,20.745454545454546
31,2,24,11,21,4816.504530529315,6134.054490797177,0,0,27.490909090909092
38,9,21,5,30,5456.30970487799,3274.1888583172886,7,18,40.76363636363637
31,9,19,20,16,6669.8057953346315,6903.4761817814,7,4,22.67272727272728
3,2,27,3,22,5480.127258026923,201.26839156050917,6,12,47.909090909090914
29,13,24,18,31,4357.088895073199,4375.060302659078,7,18,50.21818181818182
36,1,10,15,9,6029.700536053718,4391.711606128716,2,11,61.09090909090909
22,11,4,12,9,4778.075787610815,3310.6127799152396,1,15,74.31818181818181
38,0,14,3,35,2975.209586416277,2899.2462159531915,6,18,41.74545454545455
14,6,4,22,7,6222.214396844058,3296.605321268132,7,2,21.181818181818187
28,6,11,16,19,1708.9231333337354,3021.7309653418274,0,11,84.81818181818183
35,11,4,22,31,5059.560669379324,5167.348846879636,9,4,16.381818181818183
12,1,16,0,49,6194.631493597147,1120.4169578183316,8,1,13.927272727272728
31,6,16,17,13,5172.9523339824145,1543.946700019685,3,21,44.7
6,12,23,19,49,4941.4728495662275,1427.5239530684805,3,6,66.77272727272728
21,7,11,16,27,5317.940399688485,1984.7999788245988,2,12,68.81818181818183
27,0,23,14,45,3362.375688444382,3771.7572477147664,5,14,54.95454545454545
1,8,27,10,23,6144.360638667777,956.2194818998873,0,21,41.672727272727265
5,6,14,24,14,1583.36803092542,6103.551208220228,5,2,25.327272727272724
27,2,14,21,21,1066.2276288023072,2222.0584128976116,1,20,60.181818181818194
27,7,5,12,29,2141.4597048058786,1305.2583147872133,8,19,48.14545454545455
19,6,11,0,3,3814.7262980699534,4794.2249052680545,1,4,25.0
29,10,26,16,12,3671.8202087834993,458.9868440753711,6,23,45.763636363636365
10,14,28,5,22,5780.0715522007895,4415.786241144317,0,7,67.0
27,12,19,3,7,2951.0668635473185,4947.749328600198,6,21,40.800000000000004
24,7,17,19,17,3493.5420987822586,1661.4324134296903,4,0,31.63636363636364
38,5,13,15,11,290.9002461638903,485.35569941671315,7,7,72.68181818181819
32,8,1,14,30,2986.226807811986,2672.788440652257,3,23,40.17272727272727
0,14,8,14,13,4604.864784062326,870.4407656451681,9,17,53.5
26,4,4,5,33,305.45664826082685,992.0493777786921,6,19,46.618181818181824
12,2,19,14,17,2109.997363266458,1928.976373825079,5,15,71.50000000000001
2,2,25,13,33,1614.1032431678516,2209.181887461963,4,17,60.81818181818181
38,0,28,10,10,485.50091658519995,3803.79831894566,3,19,58.654545454545456
5,11,0,6,40,3458.968611418855,4813.064821420489,6,11,44.18181818181818
7,14,22,8,11,1435.7183939514641,4230.842397917257,4,12,67.9090909090909
26,7,2,15,48,5252.954469493385,1208.8502935687143,4,12,57.18181818181818
8,1,5,4,14,5965.90960959077,1370.1850206778597,0,9,57.27272727272727
36,2,4,24,30,3909.979242150205,6175.630898591819,1,6,63.68181818181817
32,7,20,19,48,6875.609929143762,3996.795742435973,4,13,60.18181818181818
23,13,26,9,28,3263.254286000048,6115.5772637042855,2,23,40.63636363636363
14,7,4,17,25,3690.9038295294254,2726.516276975146,1,15,66.13636363636364
31,13,0,2,17,6926.680726912701,4377.920050533002,3,14,58.22727272727273
31,10,16,12,31,1774.529364562332,3760.911229171353,3,11,71.68181818181819
23,3,18,10,21,6609.312389802955,2370.0397307791454,3,8,57.68181818181819
11,3,13,16,37,491.2953748099701,3395.424529828448,3,7,64.04545454545455
38,4,11,21,16,3235.4308537897246,3616.937962423138,2,17,73.63636363636364
1,5,9,12,22,676.0238825048473,1565.2426283454145,6,22,35.18181818181819
2,4,19,5,23,5158.796251812772,2342.0705321617747,8,17,35.72727272727273
36,13,20,16,49,4337.180763984121,5581.586303447434,4,12,60.090909090909086
16,14,17,12,7,5005.1129915796555,6427.360028288064,3,17,59.04545454545455
1,6,23,18,40,2746.466719782515,2646.5998361080365,1,14,73.4090909090909
1,1,26,20,5,2712.477151413386,2287.411519021324,1,3,29.290909090909096
27,6,10,18,4,508.1710969340833,1527.340719088801,4,16,74.18181818181817
22,9,29,9,43,2579.6255888015507,4813.739946823953,6,4,25.927272727272726
36,6,1,2,28,6519.161135382004,2397.0779713310935,9,21,22.554545454545455
31,0,24,13,27,2778.740452827053,6916.696865874482,9,15,46.954545454545446
32,6,17,18,10,5853.300402309396,2414.6566540348817,8,8,57.72727272727274
0,4,28,4,0,5927.813432299552,2880.1251181218713,6,9,37.63636363636364
18,2,24,4,42,2738.03986337879,4302.672534241837,4,23,34.90909090909091
1,12,6,19,18,4497.523026694085,5651.453193700874,9,17,44.590909090909086
25,2,23,16,8,848.5268954567987,3392.726924350309,9,16,62.68181818181818
31,3,14,20,26,905.0143489930801,3074.061029764917,9,17,54.86363636363637
5,12,10,9,33,530.8721128996506,6970.337268444697,5,6,50.40909090909091
31,11,17,4,43,4150.902634950744,271.35675975162223,2,3,27.85454545454546
3,1,22,3,3,3097.28264785746,6286.443964188472,4,4,17.236363636363635
10,1,11,5,35,3926.6200253168327,1214.1576163902146,7,22,27.790909090909093
16,0,5,3,17,3743.297695457037,5544.291878220611,0,15,56.90909090909091
37,14,19,6,14,2581.380339416966,4401.934606954826,0,2,33.63636363636364
23,4,22,6,12,4806.819220799615,2524.561541387026,6,17,62.18181818181818
4,3,29,17,18,5357.812790231456,6142.349697542924,4,22,32.836363636363636
33,10,12,2,48,299.47216036819486,287.7691502707454,4,20,52.872727272727275
5,9,19,0,5,1609.2476384283725,1741.496434109481,0,13,78.9090909090909
21,14,15,23,47,5050.0039029666905,4054.871014496845,8,14,49.81818181818182
10,1,17,24,11,2829.0171739100724,2590.4873683379465,0,16,77.90909090909092
15,2,9,3,36,4704.890839202935,4350.566968164628,4,0,20.545454545454547
32,6,27,5,16,2559.346086194997,363.9493151789344,9,20,55.30909090909092
8,6,22,8,22,2857.135035841532,991.9207272756452,8,16,56.90909090909091
5,11,7,21,25,1279.0163410898574,1064.254433485387,3,22,41.209090909090904
15,3,17,13,28,1955.9709337298882,1487.128792228864,7,10,59.4090909090909
28,4,20,11,32,4316.799951051593,3323.4537974436907,5,16,59.77272727272728
2,4,0,24,26,3145.5091569431315,5314.475156896284,2,13,51.727272727272734
19,5,22,19,24,5465.258244023247,6357.664097916528,3,19,45.92727272727273
35,13,7,23,9,5997.577693580731,5880.533205932873,1,18,54.727272727272734
18,8,28,24,46,3883.195643873967,1538.8375280746482,0,20,65.52727272727275
25,1,5,3,22,5356.217585981202,3199.8237551683,7,6,36.40909090909091
2,4,4,20,20,2286.9506897230763,1555.998864758038,0,23,46.03636363636364
18,11,14,23,20,3021.8042647205316,1998.4083533368973,0,12,85.45454545454547
19,2,21,11,42,5046.888198274451,3624.1194742808257,3,17,52.13636363636363
31,3,14,9,12,2826.2415511558083,663.1413681199533,9,22,37.11818181818182
6,9,1,21,36,4201.833559081124,1683.5854412342578,9,13,47.5
32,5,0,6,32,1460.5348977610781,6560.571496888398,5,0,21.472727272727273
39,11,22,2,23,4278.444941799386,3369.590790077725,8,6,53.72727272727273
38,7,22,22,43,6058.293209142877,3228.628376649531,0,7,72.00000000000001
17,0,25,13,10,6106.749550799294,299.0566523086965,6,17,56.81818181818182
39,9,10,23,16,5125.54196304087,1882.3182799967512,9,8,59.5
0,13,9,9,3,5271.122977717657,6090.788564678833,4,0,17.01818181818182
10,7,29,15,46,3993.906627024765,1319.4733121589475,7,21,36.900000000000006
27,10,17,15,24,4175.743013127609,3022.849588836103,6,16,61.63636363636363
24,13,17,21,29,1108.8239535915222,297.4501598956085,3,18,64.25454545454546
22,6,16,9,8,3218.242481264848,3452.6812753597796,3,5,29.03636363636364
30,0,25,24,20,3265.278730427274,342.94352573827666,5,2,29.327272727272728
29,1,7,12,19,6717.7852825406335,5773.344960847439,5,23,27.845454545454544
34,2,14,5,18,3131.390665838368,5809.005618912304,8,4,19.563636363636363
6,0,7,11,18,3935.529985338752,5556.6468804561155,4,1,18.618181818181824
15,13,16,8,11,3826.1095150978967,2126.8756684596037,7,19,46.581818181818186
25,8,11,12,36,4529.979675901424,5893.213083908363,4,3,23.34545454545454
1,7,26,3,41,5287.983253056892,3892.387301715831,1,9,56.045454545454554
0,1,7,23,16,1730.2847579619304,2741.895140295617,5,9,57.40909090909091
11,12,24,10,36,3795.3260498693626,4452.243725988785,8,23,32.018181818181816
4,8,13,19,47,5816.240409749007,283.91911321054323,2,20,47.70909090909092
36,6,3,17,38,3349.180054095078,1172.1339676851146,0,10,77.27272727272727
31,8,0,10,27,2093.5113153402963,5247.596059557787,0,15,67.63636363636364
8,5,0,24,40,4652.021712422834,1860.2989392698405,2,16,65.72727272727273
34,5,18,20,34,5801.618291434036,4266.461997835497,9,15,50.31818181818182
18,10,15,3,46,629.353991906261,2818.6976991966017,4,6,58.54545454545455
15,13,13,17,47,5482.175287169144,6012.679295834978,2,15,52.90909090909091
2,3,20,0,17,5787.205944140044,6676.424080777177,8,2,14.109090909090913
19,9,15,6,13,3338.3559076025263,6208.240152917295,7,15,52.13636363636365
23,9,4,5,34,6886.478466365578,2040.2159639164572,2,7,57.27272727272727
32,12,8,14,43,5549.616716809702,1520.3075095133595,8,11,49.0
23,12,25,17,40,5460.905441290527,3426.157276620998,5,2,24.709090909090914
10,1,29,23,6,5285.302306002088,249.87222568602587,6,16,61.909090909090914
7,6,27,10,40,1224.1351018842631,375.5038714696358,3,20,57.56363636363636
35,4,1,19,12,1677.1700278804735,3962.3763494364007,3,17,70.77272727272728
37,10,17,23,17,3355.1328939580903,3739.0559483239444,1,10,83.04545454545456
39,5,5,14,36,1995.2295797243678,6963.157525439768,4,3,24.363636363636363
19,1,8,15,12,3023.638611871475,1572.524480473555,7,15,54.86363636363637
34,4,0,6,35,6241.555947475861,1955.1067182911852,6,16,47.18181818181818
24,9,8,20,30,5805.4228647790305,972.0763678187495,6,8,59.18181818181818
34,3,24,9,1,4484.271173663879,6439.292465645464,5,5,22.199999999999996
24,8,15,11,15,6035.218680907504,5489.116462317465,2,23,38.67272727272727
28,5,12,23,8,5529.652245317295,5791.905957906562,4,19,50.18181818181818
17,1,8,13,8,3117.097536518055,6338.793758158659,0,1,24.65454545454546
17,0,20,24,37,1567.243033939627,3769.3199097357,6,8,58.00000000000001
1,4,12,4,10,3696.5670720635067,3268.113701864921,8,20,35.85454545454545
34,8,8,20,21,5206.356401194141,2446.6620209261923,0,5,27.672727272727272
15,5,10,17,32,3167.6532713612323,4206.659377565417,1,2,27.327272727272728
35,9,3,4,35,4734.048986530501,3289.093098170793,2,19,50.036363636363646
32,11,1,2,44,841.4264987790966,3270.645988917911,2,5,24.83636363636364
3,6,28,22,22,5286.4322073255435,6571.109473371745,7,6,46.68181818181818
32,4,5,4,44,5726.452615272821,6891.414297098085,6,0,14.10909090909091
13,9,13,23,44,5006.49741930768,5616.09384744115,5,22,28.554545454545455
20,5,3,16,33,6777.392395179286,5345.955013679112,9,0,15.363636363636363
19,4,5,18,8,5821.233990732355,4827.79550009789,9,4,17.145454545454548
7,10,18,18,23,6341.037349560461,1329.3089958678931,3,5,24.636363636363633
6,8,5,24,7,6548.283367512006,601.9195819544508,8,12,52.54545454545454
2,14,1,20,6,5649.166344741898,4896.938942770189,0,1,25.85454545454546
16,5,17,11,35,4784.960125644194,5155.746311344717,1,14,63.68181818181817
32,10,12,24,17,238.88635325336716,519.4163394673506,3,14,85.5909090909091
11,7,8,8,2,3367.615121917248,6510.7519015561675,2,12,56.81818181818181
21,1,22,0,27,4083.903630632055,819.7563482238073,0,13,70.0
21,11,18,17,5,2267.4058526463973,2144.123629644176,4,21,46.63636363636364
29,12,12,20,43,2363.11023894361,4772.250727031191,6,6,62.63636363636365
37,8,10,3,43,6735.884026829123,1355.1336419504391,1,13,63.22727272727272
37,4,0,9,20,6263.633883378672,576.8280414072622,4,23,35.56363636363636
7,6,23,24,27,5974.417237411589,2451.7961263162188,5,9,55.59090909090909
26,9,29,6,39,2960.880251601552,5408.606709015217,6,16,61.727272727272734
26,12,21,21,0,293.1501427806189,3013.0150170997704,0,13,78.27272727272728
33,0,6,22,35,745.5112758988557,4640.215868973987,6,7,56.18181818181818
20,9,24,0,20,2322.935303879705,4141.409861151329,3,3,30.490909090909096
29,4,20,16,42,307.05180837060345,351.0856777739468,7,15,62.59090909090909
32,11,14,23,34,316.6185170233472,6922.071911910805,3,23,41.97272727272727
27,13,0,1,12,6432.902451168395,481.7110039718367,5,12,57.86363636363636
32,9,11,10,48,5001.877814409568,6781.058616009698,8,21,23.18181818181818
4,13,25,8,9,2300.900732463438,3939.0764128779074,4,19,55.2
18,1,6,6,43,1101.9831276864816,6749.481384042452,3,17,45.86363636363636
3,11,14,21,46,3679.1228816865246,980.324476014081,7,13,54.22727272727273
34,5,20,16,9,236.3538938096783,3534.7779304614896,8,17,68.0909090909091
16,10,18,16,45,6581.213458235379,1352.6278246891986,3,4,24.74545454545455
27,0,27,1,12,3020.742811844841,546.6291637526084,2,8,73.18181818181819
29,2,28,5,36,2935.8776956138627,4399.197982423719,7,2,23.800000000000004
28,4,24,13,37,2856.036531556119,1612.9272625395017,4,7,73.45454545454547
5,3,0,5,23,671.4326466368004,4196.339724355312,1,19,45.05454545454546
34,2,16,1,1,4540.59123058442,964.0784772531023,9,21,29.809090909090912
36,9,16,0,21,5184.424613472803,2457.508005742379,8,9,44.81818181818182
23,12,2,9,16,4797.652703600374,5515.10139476208,2,21,39.00000000000001
28,4,11,20,35,1141.3613546398813,3171.950348526876,1,18,59.01818181818182
30,10,5,4,13,4136.113142642029,4468.668821301887,0,20,59.418181818181814
34,7,25,1,9,4072.494492371326,4602.713997069713,7,2,25.181818181818183
32,10,10,21,34,6105.193358001398,5937.534299113597,2,10,60.272727272727266
20,3,2,15,24,2778.0680769543997,2409.4750019651606,6,10,56.18181818181819
31,0,7,24,2,2726.1044168841527,4873.60982556112,0,16,72.27272727272728
22,10,13,1,46,4405.983999283662,6738.987487913927,0,15,62.09090909090911
32,6,13,9,37,4504.8940437966885,5165.654673633503,8,6,48.00000000000001
2,7,9,1,16,3391.1395458153743,3531.119241680663,7,3,19.654545454545456
17,2,1,15,11,3212.8036638468634,4488.878622545119,2,22,38.29090909090909
24,5,13,15,23,3560.2041603376024,5229.843704789136,5,18,46.145454545454555
30,1,8,18,28,6055.108036622521,4363.475206718333,2,11,55.45454545454545
2,6,2,6,42,3335.934928526588,313.3955317309062,3,14,54.40909090909092
39,14,20,21,24,6591.5361853947925,1524.4597842731357,0,10,78.9090909090909
23,7,25,11,35,3627.2255924550172,5711.183877065169,4,4,25.236363636363635
31,5,7,23,25,6654.564713630061,2054.024401724896,0,4,27.96363636363636
21,5,15,14,37,5863.256932709715,5174.622413015711,0,14,64.54545454545453
22,4,1,7,0,2664.532993787638,2730.417463643551,9,17,39.409090909090914
1,7,5,5,19,6072.761664816989,3748.8134314740137,6,10,45.63636363636363
26,0,27,9,27,948.4303325675835,662.2184387719451,5,11,66.5909090909091
1,9,20,2,15,6490.320792332499,1432.3338151380249,1,1,26.999999999999996
25,3,28,18,46,4495.175902563663,6708.939351930795,1,19,53.78181818181819
16,14,25,16,16,569.857089951716,6252.938763439015,6,14,65.9090909090909
39,3,24,6,39,4580.945720825519,4635.470754113541,0,19,57.527272727272724
32,2,11,20,27,6824.884048184342,3325.583262223014,1,3,25.509090909090915
8,2,4,19,11,674.6444513794767,4795.1767916875215,7,21,32.31818181818182
38,3,1,3,26,3971.876426504587,4406.549965838785,5,17,49.95454545454545
28,10,15,13,41,5285.001578363733,4066.155338111362,1,5,25.47272727272728
25,0,4,19,46,5709.758389556813,602.4040886720843,6,22,27.818181818181813
34,13,14,21,29,3014.0267641814116,4503.057752498247,3,18,56.18181818181819
24,10,11,14,40,1588.3326023440525,5428.656303083945,1,10,70.5909090909091
23,12,3,23,33,487.9274956522101,6959.755251589913,5,23,36.57272727272727
12,10,14,7,36,4142.1378682611285,275.3341576413058,8,1,21.454545454545457
6,1,10,20,5,3279.795277819753,5165.179482512601,8,7,40.909090909090914
35,8,15,14,6,6651.461887018035,4088.1673483646673,7,10,58.045454545454554
19,9,22,21,31,612.1133724613865,3151.5547973505054,2,4,30.254545454545458
0,1,5,19,31,4860.688335432839,1067.477187085322,2,17,57.72727272727273
7,4,13,13,24,369.7703104163887,2981.779010717158,1,22,38.372727272727275
15,8,17,8,32,1365.7524016316906,2609.76484430572,4,17,64.0909090909091
13,8,11,7,6,3284.337199475272,2259.243245055447,3,13,66.04545454545455
11,7,26,16,11,3293.1326110595037,5169.981438591012,6,21,37.36363636363637
22,0,10,1,15,4862.763691948779,4964.933544732994,3,9,59.5
14,0,12,24,15,6389.448637100745,4205.336618670199,8,2,18.436363636363637
27,8,20,23,42,4545.418680621462,6582.9207303949315,1,8,70.13636363636364
33,12,22,2,35,6684.03866539026,2579.00981242981,5,2,22.090909090909093
1,10,10,7,12,6194.986351170384,1857.8531764292209,6,10,53.18181818181817
31,7,22,11,6,4174.598609609373,4660.142529069117,3,11,75.5
22,9,15,0,35,5869.785266248025,1551.93561437434,5,11,56.95454545454546
21,8,14,9,46,4569.527750200711,2342.0714488472872,6,2,22.145454545454548
24,6,20,19,8,734.1932502813446,1727.296592509217,3,20,69.34545454545456
21,2,27,2,31,5235.840118164668,670.2442604858084,7,6,53.045454545454554
21,2,14,5,10,845.3774006179542,5826.991443122579,8,13,52.90909090909091
5,1,24,6,7,4239.762907874045,1930.875691867296,0,23,42.54545454545455
14,4,3,19,32,4977.953399835956,3416.587022732541,6,10,50.0
36,11,10,22,22,652.3877358338157,494.5438581293212,8,6,65.63636363636363
32,11,18,24,24,1769.403646700416,4955.508370517973,9,20,49.41818181818183
7,2,14,17,7,6426.571179379219,2447.8148156827774,4,9,54.27272727272728
4,13,3,10,44,4390.938547183695,5264.209749238627,1,10,51.22727272727272
38,5,20,18,21,1874.7449279116147,3004.3408111814897,9,14,60.31818181818181
3,1,12,4,3,4896.622443806445,1531.1381235582473,5,18,37.854545454545466
5,11,21,18,39,4258.07965573949,3689.590559517844,6,15,56.18181818181818
31,2,18,10,2,3610.714759442049,1087.4310055345904,1,21,44.20909090909091
29,4,1,23,28,6838.071429918969,3195.666287136364,1,20,48.981818181818184
34,11,13,11,40,4847.48568637106,2357.6772464593087,9,19,40.98181818181818
39,10,28,9,28,2752.9995457418063,6401.3251725575055,9,11,54.95454545454545
15,10,3,7,33,5640.499338122702,614.3153077008956,0,17,63.63636363636363
12,0,15,23,33,6215.166391864077,4919.318415919046,3,22,31.990909090909092
29,12,20,8,27,1051.4998047144536,1442.707928714564,6,12,69.18181818181819
18,0,19,3,12,1563.760249347812,2369.506505459231,8,4,20.400000000000002
16,9,13,4,14,1670.343662068902,3025.4956288220483,2,3,28.87272727272728
18,8,26,20,22,4900.240303828475,6374.502607749825,6,13,57.72727272727272
27,6,28,7,43,4300.6689743623265,1849.532209302011,6,7,64.72727272727275
25,0,14,22,25,4409.1426399504,820.8998573037575,6,8,60.09090909090909
36,14,27,8,3,6597.258437888607,2367.0893071355604,1,18,55.38181818181819
25,11,2,14,25,5476.198423089681,911.7965996416268,5,2,22.927272727272726
22,13,7,14,39,1069.9710866801256,1074.456104531757,1,4,31.654545454545463
8,7,15,15,8,2563.048160491231,4102.184066230182,5,20,52.32727272727272
11,2,9,13,4,3160.6767939950023,614.1331450765546,9,17,47.5
0,7,3,7,31,2892.5388034837133,410.329993476249,2,0,25.85454545454546
0,14,29,17,19,4751.2985423007785,5058.015889999385,1,7,72.22727272727272
33,4,17,9,49,6264.873102144626,2659.2002449191027,5,18,39.163636363636364
31,0,1,19,10,2281.1499519549584,1052.5523747903383,1,16,76.77272727272728
24,6,16,5,14,3952.7645276640624,1924.566841846016,4,16,73.63636363636363
39,4,12,11,31,5567.984069012383,4566.188249996313,1,10,60.86363636363637
0,5,3,1,27,3030.2828001483754,2073.648656557788,2,1,21.381818181818183
15,5,25,6,21,1343.2032731152117,3562.743650818774,2,5,28.50909090909091
38,7,24,15,40,3429.666563793488,1027.5280857413713,5,21,43.00909090909091
4,8,29,2,16,575.5131410525936,4199.03673571704,5,13,65.77272727272727
21,1,10,12,25,6608.207487215483,2349.3282501341955,9,2,14.6
28,8,6,2,43,708.7841953258167,4463.385354795272,2,11,63.909090909090914
2,11,11,17,6,3181.5056637039315,5697.0851996673555,2,3,25.272727272727273
11,14,9,10,41,3803.192575401978,4359.195651851948,0,11,64.9090909090909
25,10,6,7,25,6900.066059553541,2211.0834256461403,6,12,48.72727272727273
15,9,12,5,24,1328.9484007714532,1939.0571705284426,7,1,23.47272727272728
36,8,6,0,9,978.1343265640382,2426.4625193874463,1,1,29.87272727272728
21,12,23,0,44,259.20180002529634,1319.419490008233,3,14,71.86363636363635
28,9,16,22,18,1257.8857707112556,1431.9685857801364,9,22,42.79090909090908
13,14,9,7,10,1609.4562576601397,5576.699492921141,6,16,56.81818181818181
27,9,28,4,12,4487.950402765027,2816.181520250626,7,6,65.13636363636364
4,6,9,15,7,1694.0061746615227,3164.7672278799837,0,13,75.72727272727273
29,0,23,10,39,339.5415401594114,4239.536365854316,3,11,65.5
4,6,3,4,3,5821.004749416923,4209.643767030524,5,16,41.04545454545455
11,9,19,3,46,2686.050766826974,658.162726349095,2,13,70.0
15,4,3,5,30,2605.1374687489906,5854.477347096126,4,5,19.563636363636366
25,5,21,13,27,2256.8573983419005,1405.820561922788,9,18,51.0909090909091
25,9,6,21,10,6832.538284595662,5116.887125137748,8,23,29.89090909090909
20,6,21,18,42,1356.7848377031141,5454.162719271533,2,5,28.07272727272727
38,13,0,8,0,6308.018834881999,5061.316831820933,4,17,40.90909090909091
35,14,11,11,48,5482.262658551238,4137.047996568187,7,23,27.900000000000002
32,4,23,10,46,720.063697395329,299.3411803404034,5,4,26.6
29,6,12,13,37,6909.757890205771,2650.553348069561,3,23,36.35454545454546
36,8,9,22,23,2045.2885520652717,4312.908119665552,7,23,37.663636363636364
22,2,14,15,46,870.3639037524039,2834.668812273263,2,5,27.018181818181823
9,7,26,0,30,5839.336792055165,6071.663285407129,2,1,20.18181818181818
4,1,12,12,40,5005.393629008359,2299.8554723773846,3,7,44.22727272727272
35,10,22,22,45,4397.087879969726,2196.036588718891,8,14,58.00000000000001
33,6,21,20,49,1260.6698731527454,2008.7843130300741,4,14,70.9090909090909
30,12,21,20,25,3453.7735905405407,2462.9099089334095,7,10,62.409090909090914
9,1,20,12,48,5507.780982833054,3990.353757336473,5,21,23.48181818181818
18,14,21,1,49,2264.6427793781136,5007.7040010536175,2,21,36.0
31,13,27,3,4,2319.490833902282,4705.461840623739,7,23,37.445454545454545
0,3,8,5,19,221.3581611272304,5692.481175874062,8,0,17.09090909090909
4,6,25,22,40,1384.855131188581,6224.215169382489,7,17,55.59090909090909
3,2,8,4,10,6152.758250828473,5749.337487934788,3,11,44.86363636363636
15,1,14,24,32,3203.8761431364082,328.8287429456111,5,11,59.31818181818183
23,10,9,2,49,6892.794594794151,5204.242084153523,0,10,55.00000000000001
15,9,23,0,37,2890.8141523017894,1617.117100604655,3,7,70.86363636363637
1,6,25,3,26,5063.267892505641,1103.9106904142818,7,6,48.68181818181818
27,0,24,24,33,2117.0494917521582,4541.723736634121,0,22,47.07272727272727
31,13,28,19,14,2673.905559758348,2374.2537287723253,2,20,69.67272727272729
26,14,9,1,31,1496.9367156180836,588.3967109190141,0,1,31.05454545454546
19,7,7,4,20,2560.024105795886,1135.882193908857,8,10,60.00000000000001
23,2,23,2,45,3921.215138860373,206.32003471573523,1,21,41.75454545454546
11,11,15,8,4,6944.055590658896,6341.92066594401,8,9,38.36363636363637
34,11,16,19,5,4716.571648888143,367.40229012042244,3,2,32.4909090909091
32,12,25,5,37,1554.8724899765355,1624.2992326646752,1,19,65.92727272727275
32,1,26,17,21,505.7378028225477,3030.5869086777698,3,9,69.13636363636364
36,2,4,5,17,1059.2240729386722,2624.68501646557,9,17,51.77272727272728
11,4,3,18,13,4025.375368656722,6399.735963006875,5,13,53.136363636363626
2,10,17,11,9,5403.090235954011,473.96483099488637,6,17,57.18181818181818
0,7,23,24,45,6594.850609645079,3683.060012203951,2,23,36.054545454545455
32,9,18,10,12,307.5975695783816,4827.260345165743,2,7,80.18181818181819
39,6,3,1,30,3754.7689626207143,6535.546221031947,9,9,38.95454545454546
9,6,27,14,29,3401.898022317602,4418.524514441303,7,21,32.64545454545454
28,11,6,11,2,4661.174149434787,5665.535604879986,4,12,56.18181818181818
12,6,9,11,29,4005.136210364325,769.3295773483692,3,20,52.61818181818183
11,14,24,8,5,4871.8662239608675,2824.388674371106,6,7,63.63636363636363
30,7,17,20,28,4674.961576294494,2742.8405144576586,6,3,25.381818181818183
1,0,18,23,7,995.6797290340342,6226.75987189888,8,3,19.563636363636366
34,3,3,1,43,5638.081812607293,1229.3239645902695,8,4,15.381818181818183
22,12,9,21,44,1037.981514871009,1232.8259718890858,4,0,28.763636363636362
16,5,0,2,42,4950.008251422132,2434.1954192234293,7,16,41.227272727272734
25,8,22,11,43,3029.7884999561256,570.3691220944955,9,1,22.599999999999998
7,12,17,15,32,3694.184995120866,1440.7146764369325,0,7,73.63636363636363
28,1,4,20,16,6342.426497754832,6763.425542110999,8,6,40.72727272727272
25,0,14,23,47,6251.209340019709,3111.6507910967753,7,14,43.95454545454546
9,12,16,0,10,5761.422878454201,4497.7306172725675,5,4,20.127272727272725
25,9,2,20,12,3669.008987102998,5137.556563543531,2,1,27.599999999999998
33,11,11,2,49,5206.430708910065,2695.337567648963,2,6,55.727272727272734
6,13,1,19,10,3687.6999775279037,1201.1441059915155,7,7,57.77272727272727
3,1,0,1,30,6113.321360828487,1604.7509103081095,4,6,38.36363636363637
10,6,22,8,27,2938.8756659837195,2330.2120407481502,9,6,53.40909090909092
28,2,20,18,43,6797.600342021162,4525.265258395135,6,13,50.81818181818182
35,9,16,14,5,6539.794755956367,2908.30773380557,4,20,52.72727272727272
24,1,21,17,40,5242.897812272142,246.3399457208712,7,17,52.31818181818182
20,13,15,10,15,2100.02801239729,3759.1688584588087,9,5,24.63636363636364
35,10,4,24,3,1095.244403794157,6466.291064970442,9,3,20.672727272727272
9,6,14,22,34,6011.983460633743,5722.127754859018,3,9,51.590909090909086
36,12,2,15,47,1324.0555457381367,5811.4373245654915,1,17,64.68181818181819
8,12,27,21,25,6008.973365181882,5606.394519721692,2,11,58.45454545454546
23,1,6,16,11,3537.202045644051,2401.369614150881,7,15,53.5
34,2,10,4,10,2964.5861298951086,5403.318069529865,6,6,56.09090909090909
34,10,9,11,36,6341.697296074118,1173.4972331161123,1,5,27.50909090909091
35,6,8,10,24,4306.18668127389,4672.469801476484,5,4,23.618181818181817
17,13,13,14,17,4120.975248482081,4562.666253457962,8,2,22.72727272727273
38,3,12,2,18,3999.608423445904,373.87463381019575,3,11,69.5909090909091
31,12,28,0,22,2723.9527089328135,5558.196908418335,8,14,54.18181818181817
23,13,24,19,37,5542.373103998066,6342.087114646888,1,9,67.13636363636364
22,0,29,15,17,1919.0294193072564,2018.423893610332,1,19,64.4
31,12,24,1,25,6584.485728280671,5724.256924465826,8,18,34.472727272727276
36,13,1,1,5,6279.099394319333,760.3606086612477,6,15,55.72727272727273
11,4,2,2,3,2494.8662145893077,4279.781436175249,6,10,47.45454545454546
12,11,6,7,43,5160.353634855313,3502.3986842730847,0,7,56.727272727272734
22,8,20,23,28,4097.917722257222,3912.2800265012,5,2,27.254545454545458
24,7,17,14,33,2496.0152535947955,6498.195372813547,6,22,36.163636363636364
34,11,2,6,16,6921.947206369037,6124.943681278603,5,6,50.409090909090914
29,14,9,5,42,371.61395176819656,5538.568869230347,5,22,32.15454545454545
16,8,21,8,42,1917.9930082247492,2061.1495122129227,1,6,70.04545454545456
19,9,28,19,15,3736.5036155558228,6400.366675065423,5,13,66.5909090909091
24,13,6,0,1,3749.2804236542343,863.0523087543517,3,1,25.872727272727275
21,8,8,7,33,4204.744909629836,6002.638672599757,8,9,45.45454545454545
12,14,16,22,7,5311.397969755851,2431.488492004533,0,18,59.85454545454546
18,6,10,22,12,4439.649247531215,565.651719301487,7,8,66.13636363636365
35,3,6,2,41,4281.913931590651,4751.6274928370885,4,15,50.909090909090914
11,4,23,3,7,563.8983478086943,1772.703512548497,0,18,65.16363636363636
18,0,27,24,29,2760.4059569672286,1856.283655879497,3,17,73.04545454545455
11,13,13,14,31,1777.979029967861,2281.120730355646,0,8,74.81818181818181
8,0,18,5,35,2004.516758893433,633.0564190171137,5,15,53.86363636363636
6,2,3,14,46,3969.494825514345,1404.4645805481275,1,12,58.68181818181819
27,12,25,20,29,1556.6361415213373,234.94946758181004,4,9,80.36363636363637
13,13,5,2,0,2198.8538869149033,3228.7847435193503,6,19,37.23636363636364
30,7,9,24,42,1812.1760179179125,772.9365664422048,1,13,80.5
18,13,6,20,38,6649.820013883724,4842.0377143005535,5,11,51.95454545454547
15,1,12,20,16,6623.726978763447,1802.235388103209,5,18,45.70909090909092
4,3,13,13,19,4347.602598453152,6616.304179439205,4,6,53.45454545454547
34,1,3,19,23,6486.7527873769195,6124.511066310837,4,22,26.400000000000002
11,13,7,13,49,5543.525989184937,2168.198085783816,2,14,54.27272727272728
24,4,4,3,21,4211.6456030522995,5525.865091665415,9,15,36.04545454545455
20,8,0,11,28,243.75943817821084,5662.065351720683,9,7,45.49999999999999
35,0,3,16,21,5453.110745339947,6908.629175977991,1,9,50.40909090909091
22,4,2,6,43,4976.920722801588,4265.311910550658,6,3,18.363636363636367
15,13,8,8,8,4383.7248423204155,757.3669955769029,0,18,62.254545454545465
38,14,7,2,36,5370.8853194408075,4598.493156699391,5,18,39.81818181818182
38,8,0,12,9,3687.870720468407,4449.86228895704,5,20,50.290909090909096
13,14,26,14,35,4987.766244985106,4540.783926458936,2,14,70.54545454545455
30,0,5,17,36,6559.1701897401545,2288.5904071086384,1,13,56.50000000000001
4,8,8,18,27,2755.4741077533868,6045.821178546264,1,0,25.181818181818183
34,7,6,0,27,5015.228477324253,6724.410844096801,8,15,36.18181818181818
22,3,3,5,41,3434.6771624745193,1680.4450882514304,4,9,55.90909090909092
28,11,12,22,42,4785.917632335075,799.4346753291823,6,18,51.490909090909106
10,10,16,1,20,5387.674681769676,1522.8382255456918,4,21,37.309090909090905
17,9,27,23,23,509.07700296341255,5779.754546938888,6,2,25.272727272727273
11,4,1,13,41,4596.883018850901,4801.183516774963,3,4,20.636363636363637
8,12,27,5,39,1741.8400539672232,4525.1219279060615,7,8,55.13636363636364
9,4,4,13,1,4756.221257091454,2932.1933187440864,9,17,36.68181818181818
16,10,11,3,7,3384.6452643499315,4129.2302062777635,9,10,49.59090909090909
37,11,26,20,47,5460.1586446812325,2293.5440518656983,6,15,57.72727272727274
6,5,20,7,26,1039.1255433980557,3444.9605400421365,9,1,19.327272727272728
12,6,7,2,21,4458.991991262126,5592.82859292046,4,11,49.27272727272727
39,7,5,18,36,2093.6009567073556,6872.442862697142,5,21,35.918181818181814
8,14,7,13,26,6000.277568248022,6540.924680410652,4,5,17.30909090909091
26,13,17,19,28,6513.007838326891,6550.2884113544915,6,10,52.0909090909091
1,7,2,16,2,6975.5083970175765,2935.121396960364,1,7,55.04545454545454
4,10,21,24,43,5612.850336505527,3387.7711874461784,4,11,54.36363636363637
28,13,11,7,12,5325.3916789104305,4998.320695309075,9,1,19.618181818181817
36,12,28,23,44,1665.405160299347,6470.905110748733,2,8,74.54545454545455
37,1,25,13,9,2484.8480011327392,1165.5609635941755,8,14,65.81818181818181
18,8,2,5,35,3366.6412839835007,2268.844674024931,5,1,20.41818181818182
7,6,21,22,8,5458.991124919298,1146.8785432399447,9,0,22.05454545454546
0,3,5,21,26,6421.767882530186,4361.658003724297,2,9,51.45454545454547
21,3,1,15,33,1486.1458801562953,2282.8467788352555,6,1,22.327272727272728
16,10,22,24,0,6472.0988957567,2417.5333970854995,3,11,58.22727272727274
6,7,11,18,31,4930.247636007594,682.2285245182588,2,22,40.52727272727273
24,3,1,13,24,4353.240968658262,2578.613220291625,7,7,48.59090909090909
3,12,5,18,28,1558.9206447171887,6064.97625033078,3,4,22.745454545454546
35,14,16,2,6,577.5702231022237,1784.8951208576777,0,21,51.92727272727272
5,5,2,9,48,4065.5613098539916,4927.274770228447,5,0,18.200000000000006
30,4,1,18,2,4630.306646636469,4481.47274558243,9,14,45.40909090909091
18,2,22,8,19,1633.31385561188,6071.695336909985,0,5,29.163636363636364
38,12,29,19,19,3983.9021996131037,1099.55804402706,4,11,83.45454545454545
26,13,19,12,29,6024.155138785501,6847.611730346293,6,7,50.27272727272728
9,9,7,6,34,5878.448429094136,4161.874793074486,5,12,43.22727272727272
25,10,21,13,34,6506.015227986821,6969.224235958338,1,18,51.0909090909091
18,1,11,8,48,2688.023504986787,6398.3001358877855,3,0,19.363636363636367
38,8,25,22,38,2362.737093346247,1706.3174503691193,1,10,88.5909090909091
2,9,3,24,26,5296.096840669499,581.9016673425291,0,19,52.654545454545456
12,8,4,18,25,3131.564354659634,1938.3458378084586,2,0,27.6
27,0,12,14,13,795.3309153889081,3787.432813196055,2,7,71.45454545454545
19,9,28,19,16,2123.047688559398,1366.855296043292,6,4,31.23636363636364
27,2,14,13,17,3046.359541614126,1338.7262627223217,0,16,81.81818181818183
7,7,24,23,44,2189.111693238514,3345.636120315041,8,7,55.09090909090909
38,5,22,5,28,2458.997882441787,426.2222039516373,5,9,71.31818181818181
0,4,15,20,19,2197.676161985857,1028.8389612194392,3,1,29.290909090909096
2,4,9,3,26,482.1943368449402,3027.8571079740436,2,8,56.363636363636374
12,5,29,7,17,4532.243965606209,629.283382614172,2,23,48.05454545454546
27,14,29,16,3,4261.588458403591,2897.9343838975997,1,22,47.31818181818182
24,6,24,8,0,4643.007789655028,3423.2426084494264,1,2,27.254545454545458
32,0,22,0,49,1507.7072930286668,3268.612975697178,9,17,43.50000000000001
37,8,15,23,0,2210.4508829649,6110.3890303409935,4,6,61.81818181818181
5,2,11,19,25,4413.388303225472,3804.4246943517805,8,14,43.90909090909091
31,3,16,24,44,4277.467465527465,3382.267144850695,1,20,56.03636363636365
20,9,15,13,19,3643.046103609021,2992.82286866333,1,21,47.20909090909091
15,0,11,10,22,2582.8101000693423,5759.838972470506,5,19,37.70909090909091
20,12,7,20,9,6407.930832467891,6286.384907198865,9,17,47.31818181818181
10,10,19,2,10,2510.4376476321377,6002.0487905404,1,2,28.454545454545453
36,9,2,8,40,3298.210263773311,4780.116731293458,3,22,36.68181818181818
35,2,15,13,40,4811.174050488619,1134.0598725869847,5,13,63.68181818181819
34,1,29,8,4,3892.545729893996,2082.715792545683,4,23,36.272727272727266
18,1,12,3,0,2558.824639277822,513.2288330374465,0,1,24.581818181818182
19,13,22,3,16,3162.384575104267,6529.603709932776,5,13,58.59090909090909
17,0,27,7,21,5602.469561403842,4693.43000189819,0,21,35.618181818181824
13,7,18,1,33,2091.2782573089644,5275.267613330042,2,10,61.909090909090914
14,2,7,8,44,1167.3356304823449,2318.687829159157,9,15,40.95454545454545
30,2,21,13,40,2329.509772442484,5950.443951485928,4,7,62.36363636363637
0,5,4,21,28,5976.832665317729,1965.302329217654,9,6,42.59090909090909
2,12,19,8,3,805.1300610231573,211.17754836465787,4,10,65.81818181818181
15,7,7,23,4,6943.533298932673,2759.6217451407188,9,2,17.363636363636367
22,12,23,22,10,3878.8197127081053,4081.1780705216993,5,16,74.86363636363636
10,14,11,15,20,6896.951058976239,3455.1930341655534,9,13,47.95454545454545
11,8,0,16,34,6585.175670184647,6062.11776952086,7,5,15.327272727272728
9,8,24,15,11,3279.133256634234,916.7559445019352,4,7,72.18181818181819
31,3,29,11,25,1549.739307316374,3965.999396309334,0,21,47.72727272727273
15,13,20,2,18,1321.2164806429414,3688.2595787821706,4,4,27.6
7,4,19,10,44,1831.927674315711,2113.4722787707087,2,7,59.54545454545455
37,1,5,13,6,5028.901955838854,5791.151165523672,3,1,20.41818181818182
11,10,21,17,46,2056.0599641741173,5319.370859999003,7,14,53.31818181818182
23,8,17,20,6,2521.6918333092285,5183.44247385645,6,11,68.45454545454545
27,7,7,20,25,3251.6958671633806,6158.108852232981,4,16,59.81818181818181
7,2,6,4,39,6409.982226865903,5114.935284226344,1,0,17.254545454545458
27,10,0,15,4,1487.8752416169534,1776.5207836601398,5,14,66.95454545454547
35,11,20,19,20,234.18055774666118,4997.826439217899,5,13,76.68181818181819
25,12,15,4,13,608.655590571557,2292.379131050938,9,19,47.52727272727273
7,8,11,2,3,6352.411123424802,1846.7876223627998,9,21,22.936363636363634
27,2,5,11,22,4603.111960934869,696.4244317174657,5,15,59.31818181818183
27,8,19,0,41,2056.676211429086,5259.394346364202,8,8,47.909090909090914
36,1,1,20,19,1404.9090068760995,5034.806541258717,7,0,20.854545454545455
35,11,28,8,14,2201.0138091323774,1794.5964481838373,7,16,75.5909090909091
26,9,13,8,49,980.6191053087047,5295.77731372426,0,12,68.63636363636364
16,8,3,3,44,6602.4237899342,6441.318005036161,4,20,31.345454545454555
8,14,0,2,28,5532.601985683815,934.596910942739,6,20,33.381818181818176
32,7,22,16,7,3344.2600030052768,1781.9291410300698,5,4,30.92727272727273
19,8,17,1,40,6081.745714783373,5301.773399793746,4,9,46.54545454545455
12,4,12,23,47,1896.3157891939795,2066.645379848132,7,5,21.29090909090909
27,10,1,0,18,5076.419865610916,4447.715025129274,2,23,36.21818181818182
28,10,8,7,47,6021.700993293455,751.9167263532587,5,18,43.163636363636364
12,1,20,12,38,2626.027239038254,3274.9768579040633,4,12,58.63636363636364
34,7,1,22,45,5350.75822906488,5225.8216695520805,7,0,16.745454545454546
5,11,26,14,27,2206.4919749973037,4868.294812694117,3,19,54.43636363636364
17,14,24,7,45,2232.228519761409,5742.490284595487,7,14,50.77272727272728
4,5,8,11,26,927.9888141684652,6166.674460901548,9,13,40.40909090909091
24,7,0,21,3,3192.3947162639115,5457.647808559556,1,7,65.13636363636364
1,10,10,11,14,5162.040964182471,4766.796651984697,8,9,44.63636363636363
9,4,2,13,34,6593.501477884738,415.7129443490118,8,8,37.45454545454545
29,9,19,14,36,4305.8195451178535,3837.7733791842193,9,16,54.49999999999999
4,1,29,14,0,6069.321656603025,456.344529420999,9,8,35.13636363636363
32,5,22,8,2,5792.963615173544,5694.8611563889535,5,2,20.96363636363636
0,4,25,18,46,1378.7327602319099,2380.9267663277114,3,10,62.13636363636363
17,11,3,19,23,3503.558516605894,4024.5197440018624,3,11,61.5
31,12,17,21,26,995.080041572662,2100.2280897685378,5,9,70.31818181818183
10,11,22,7,39,4838.641498619118,5521.000981785996,4,16,56.54545454545455
20,4,5,20,35,6659.317744073316,6228.217181164937,5,16,46.59090909090909
25,12,2,18,33,1132.2083149355442,2910.7689606488348,6,10,61.27272727272728
24,0,21,5,28,5190.405289457281,6067.872275874725,6,21,24.27272727272727
21,1,10,19,23,4499.219425901454,2016.1100507030603,8,3,19.01818181818182
26,7,14,24,23,4168.514251655079,3835.694276913562,7,6,61.31818181818181
12,12,21,18,41,2852.817595880707,6039.577722903187,5,20,46.94545454545456
32,13,27,3,3,2614.8952047259254,2415.9931297873745,5,13,67.4090909090909
33,12,4,22,2,507.69448532843745,6687.487402530983,4,6,63.45454545454545
34,2,19,6,33,1681.7792161136915,1028.7806121134086,0,23,47.45454545454546
0,9,9,3,48,303.2027995504229,324.2704741198424,8,7,47.36363636363636
20,2,11,21,22,4153.63631795774,6348.120397531697,8,0,19.05454545454546
5,7,14,11,22,919.8020039697801,666.8109298055313,8,23,33.05454545454545
27,7,16,12,44,6136.5318794020695,6944.8465324429435,7,21,26.20909090909091
16,1,9,2,4,3757.3725407407237,6669.498661457921,9,3,11.800000000000002
4,7,5,21,30,4957.891381599217,1131.7421882469805,2,11,66.45454545454545
30,10,17,11,40,2993.828224515376,3855.5754547094475,0,23,47.5090909090909
4,12,12,1,5,4011.942701207131,1457.4580227765814,7,2,22.09090909090909
37,12,2,23,36,6610.082403373087,3111.455176604815,6,12,53.0909090909091
2,0,29,1,9,762.5914694409612,617.6908789668622,4,19,51.92727272727274
22,5,23,22,39,1926.7768490811338,1722.6871970168088,9,5,27.14545454545455
36,7,9,8,6,5503.920622991702,2670.255015512517,6,10,56.18181818181819
36,2,29,0,38,871.4130068021278,3182.8030016731727,9,22,31.82727272727273
9,7,13,7,37,714.4955065479538,6846.974555820474,3,3,22.309090909090912
9,11,5,22,20,2658.4815115274623,5693.486390651073,8,19,41.45454545454545
18,0,2,5,19,826.7421176125397,5214.387621321234,9,15,38.04545454545455
16,10,15,5,2,4178.533407002181,3851.880940245425,1,6,65.77272727272727
20,10,6,21,21,1738.6717055528788,5911.984772109535,8,21,32.29090909090909
13,8,19,24,46,6290.7461497557315,2507.3952824588355,8,10,47.63636363636364
8,12,13,17,3,5527.800549747745,5020.513966858549,4,23,28.145454545454545
0,10,8,16,27,4957.995401476438,6957.73103257157,0,0,24.29090909090909
12,12,14,11,11,4395.219386214613,2339.4765807593517,6,6,61.09090909090909
3,8,20,5,37,6071.5669663219505,4783.319237210978,9,11,37.59090909090909
0,4,2,7,35,1716.8220184907468,5941.341076236201,9,6,32.77272727272727
39,9,1,18,46,6137.140130796748,6427.491566784572,3,22,30.245454545454546
31,3,26,9,40,5568.547629283556,5081.9422983926925,8,6,42.72727272727273
33,14,1,0,4,5287.493619436262,2128.5338792365264,5,9,46.86363636363637
27,10,2,24,12,4016.5386109094834,2418.718630668836,2,15,75.45454545454545
30,5,17,12,22,1874.4602946000807,341.15461844295663,5,7,72.04545454545455
7,11,13,16,49,3080.125828744895,5374.024648166266,9,8,37.04545454545454
38,6,19,2,29,5596.280450863851,490.6293212212693,5,8,59.13636363636363
25,4,17,7,36,416.09369362980624,6079.63601129867,4,1,23.490909090909092
33,10,9,13,24,5517.945230993556,1006.8921784268638,1,12,69.5
2,12,24,2,47,1832.4810353154521,1368.760282524285,9,12,49.95454545454546
11,9,1,15,26,1181.3025649069004,3440.3800016592136,9,22,28.990909090909096
0,8,24,12,13,986.7689636260546,5217.586823147448,1,22,43.554545454545455
4,2,28,19,47,385.30008126554276,1145.2149953537282,6,3,24.43636363636364
29,14,21,23,46,3760.38809950588,3192.4833104521895,1,23,45.3
29,6,0,16,35,1684.1671343173605,3483.3886659887125,5,11,62.31818181818182
16,9,3,12,38,6928.136007301495,1643.5423633464209,4,16,55.45454545454545
22,9,13,5,15,4106.169939930999,985.7969614282958,3,1,30.018181818181823
14,10,0,16,21,1137.6198316208709,5887.662276302349,6,12,50.81818181818182
36,4,13,13,20,4883.585277517284,3616.7664183868055,7,17,58.95454545454546
20,13,15,16,20,6304.6562522661325,297.7924046922402,3,14,73.77272727272727
13,6,21,7,7,5267.220568513378,5660.272848901906,0,7,66.18181818181819
1,14,13,10,48,719.7910550682441,6869.397876819176,0,14,61.36363636363637
10,1,28,19,15,6292.012432110085,4320.298128816881,0,0,28.036363636363642
38,3,19,0,30,5598.71982384776,3625.217032171681,0,19,49.52727272727273
37,1,2,6,41,1276.4665207181777,6173.22786870574,4,9,45.909090909090914
33,13,2,20,9,552.1440433831547,6677.114169855271,3,11,70.5
37,12,8,20,31,3989.711912137298,5330.851028136732,8,4,20.07272727272727
33,12,5,16,33,1261.043517111843,3229.0799221931575,2,8,71.63636363636364
17,11,24,9,8,5875.21847764785,4227.105515453795,6,22,34.800000000000004
29,6,12,10,16,2636.6756653673815,4966.360482122395,7,7,65.5
14,1,20,21,10,6407.668624208713,1521.0602828122496,5,15,60.409090909090914
26,12,1,8,31,4046.6795705588393,3240.9670190717784,9,13,45.77272727272727
33,13,7,8,9,1442.1722128297433,5842.784600077538,0,12,75.45454545454545
37,10,20,23,21,1149.2722980466406,4652.132369789412,7,22,40.28181818181818
32,0,1,4,16,4120.012575392726,2996.187657040608,9,20,33.85454545454546
23,8,3,16,3,5380.808560664618,4710.865231299833,2,12,60.909090909090914
14,0,24,8,47,5514.238404646839,1003.9124020927271,7,4,17.254545454545458
29,7,14,16,46,2075.1503502007126,2930.183751841159,3,15,69.4090909090909
16,14,3,23,24,1588.8779606027388,5593.274058148783,7,10,51.95454545454545
4,1,12,20,20,313.9428705482004,1699.4597525292065,0,21,45.381818181818176
28,11,27,18,36,4818.554228167952,1464.5382513904403,2,4,32.54545454545455
3,7,11,6,37,720.664157348065,6665.566887431733,5,12,49.68181818181818
9,12,27,22,48,3061.1761720082955,1627.3038811863687,8,10,56.81818181818181
16,2,12,8,0,4291.438715324413,1974.2463416211428,1,18,48.618181818181824
9,5,13,6,24,6572.3408254538035,6793.388384549498,0,2,21.163636363636364
16,2,19,12,35,2320.2545312992265,5196.018277802174,9,14,44.772727272727266
19,13,17,10,16,1898.4507046363346,4957.2564245599915,2,6,75.81818181818183
23,6,28,13,40,4648.289049145469,5999.899410211153,3,6,67.4090909090909
4,9,27,18,23,4410.825417964355,987.596959210201,4,5,27.34545454545455
33,8,5,10,1,2458.346526495247,5000.502408744049,2,2,25.781818181818185
5,1,28,12,39,6511.092481466549,3625.0825434320245,9,12,35.04545454545455
1,14,10,13,14,5945.063826929502,5838.224353932151,1,6,57.86363636363636
12,11,29,12,31,1723.0813118825517,3655.3636869233214,1,4,30.963636363636372
10,11,1,0,38,1826.1693089547575,4417.641209028602,6,22,30.218181818181815
22,14,27,7,5,3683.642358832148,3448.6464595168445,8,17,63.36363636363637
15,13,22,11,0,5460.290291768898,3451.48068017974,9,21,23.100000000000005
30,4,18,18,46,499.47457984155784,5422.195850820454,1,7,67.5909090909091
10,12,18,11,22,4914.679045396006,4474.251524401526,6,16,56.54545454545455
15,5,4,7,38,4608.00410219826,4506.189770943991,6,19,40.0
7,3,18,7,16,1774.06465220832,3261.9208900543754,6,0,22.83636363636364
3,3,1,20,33,4833.200490041172,3811.5445750951876,2,13,55.63636363636364
39,3,9,12,40,6593.245700514161,5270.880130192553,6,16,42.63636363636364
3,1,24,11,28,518.1437458080259,5816.398249961044,0,9,60.72727272727273
24,3,1,15,8,2373.6339759860252,4936.617534579514,9,11,54.31818181818182
2,10,29,0,12,3179.601673331216,6483.6963241506455,0,15,68.54545454545456
31,0,10,12,5,6314.970440687889,5778.203799400966,4,13,50.0
2,11,17,6,5,6743.377836942265,4020.6737707047255,1,15,62.86363636363637
26,5,28,4,19,3219.9836761750594,4765.561293977411,8,7,62.63636363636363
28,0,23,7,2,5300.1932025669,6498.896283064133,6,22,25.145454545454545
31,9,14,24,16,3815.2949615984844,4410.342700852797,3,9,77.31818181818181
18,5,8,13,48,3856.9239562413604,5808.687246262849,3,16,53.13636363636364
20,0,22,22,11,2091.076702451224,4883.911424411912,1,17,80.5
4,5,18,12,47,1675.3024718743807,3953.1672552111722,4,19,47.127272727272725
17,9,8,14,46,2158.43635228348,1844.4997288244012,3,15,67.5
27,7,2,22,44,3983.0304493481394,3096.783132385311,0,16,70.72727272727273
21,10,20,16,0,398.2552649502052,6780.651208869266,7,15,53.590909090909086
20,1,8,14,16,6369.29282162356,4672.8046062536805,2,18,48.00000000000001
5,1,27,19,2,1262.7292249384782,4037.8885863051296,5,23,34.336363636363636
0,13,29,17,25,1696.6030027254285,6544.105053591946,3,23,39.13636363636363
4,14,13,17,14,3724.277999843995,4188.280111054652,8,7,53.90909090909091
11,12,18,1,35,5028.780411093499,3777.36112523834,6,5,18.763636363636362
25,11,6,3,31,850.9575722619016,5363.313815021395,8,5,18.90909090909091
33,3,15,0,31,2360.3239433207027,5046.126209108503,9,20,34.36363636363637
13,10,15,3,3,6786.9873179056285,1513.4880571773426,2,8,61.54545454545455
25,2,27,17,17,1983.9321741104309,3404.896267104024,0,3,34.80000000000001
26,3,0,4,48,2328.7409864293986,3413.1050111731797,4,11,53.45454545454547
8,12,3,18,18,5888.1897362026275,2771.9267036547444,2,11,59.63636363636364
25,11,3,14,42,541.4581354950957,3717.5956786353213,5,22,35.80909090909091
21,6,6,7,34,3359.3695479010016,3009.1303045445807,7,16,52.22727272727272
29,12,7,19,39,2781.3939982713578,1555.5493284040454,3,14,75.95454545454545
16,10,16,16,13,2352.789967378828,3004.092113467831,4,8,72.63636363636364
25,0,4,0,32,2142.757239504399,691.4832434976008,4,6,57.454545454545446
35,5,6,11,13,821.3439130507826,4115.343866865998,3,9,73.68181818181819
0,14,27,18,33,2340.815639591212,6004.850932799561,3,15,64.86363636363636
7,14,19,14,3,492.75633846654625,5131.9521736109755,3,11,60.5
34,2,28,8,23,5510.554272782159,2650.6794723679564,3,6,60.59090909090909
14,10,19,6,28,2907.9489989144795,792.0841979256957,3,17,71.59090909090908
21,9,3,1,18,3218.546059775399,1574.615914731841,4,14,67.45454545454545
13,6,27,8,5,6276.443187860895,3909.3343153648825,1,5,28.490909090909096
25,9,5,9,32,4674.7738902563015,1607.9881670046234,1,11,72.5909090909091
27,1,6,1,48,254.80190272641457,3899.017156737779,8,10,40.54545454545455
22,13,17,18,39,6613.588796136738,1774.8733683945127,1,19,59.38181818181819
13,1,4,10,18,1812.5823686484362,5972.682312437295,5,2,20.236363636363635
23,12,19,12,0,931.7764563670402,2901.4460153151263,1,1,28.709090909090918
1,3,29,9,4,5423.271612989999,1869.7442564225391,4,5,22.327272727272724
25,0,28,13,26,3603.2457478936835,5723.818025680019,3,23,35.64545454545454
13,2,2,17,15,3149.6398489225194,2531.304960677065,6,21,32.945454545454545
6,12,6,18,5,1896.620941842644,958.1162773037172,6,4,26.290909090909093
2,8,26,21,39,3922.8061310637668,4078.7845415447628,5,17,61.590909090909086
22,6,27,8,12,2065.8153153775947,4154.636590178323,9,15,65.22727272727273
17,14,21,24,47,6330.76443595206,5059.9305916029925,4,7,53.36363636363637
37,6,13,6,34,1663.390462185711,1833.4921458170218,0,19,64.72727272727273
34,12,6,2,18,6213.615023099124,3217.6451058272664,2,21,37.74545454545455
14,12,4,19,11,4003.956894946027,2120.1018494900627,8,10,55.36363636363636
24,10,28,5,15,5833.719310487639,750.4854055866792,0,9,82.0
36,3,21,20,42,5047.352771854494,6160.974023708063,4,23,31.145454545454548
27,1,4,1,9,4937.5267577698905,5156.31467052072,1,11,57.31818181818183
9,14,29,5,24,2405.551492326379,2249.948804319845,3,20,52.6909090909091
38,13,22,2,19,1790.4991340109837,4275.736351529507,0,5,33.4909090909091
16,3,1,15,30,1634.0263482293592,1568.5937593144126,2,19,53.45454545454545
38,5,29,7,3,6028.903268005203,6253.609028211242,9,4,17.83636363636364
21,10,26,1,43,5778.9023777613365,981.36313486099,6,22,33.49090909090909
25,10,20,16,22,3195.8999904836896,226.09258945304612,9,8,60.59090909090909
24,2,21,8,1,1100.3513717758913,3613.6557446264387,2,15,70.54545454545456
16,0,5,11,21,2799.315313446717,4165.269199479511,3,21,33.190909090909095
12,13,14,2,36,4411.535488130998,4136.96417801147,1,13,64.31818181818181
19,11,20,10,7,3289.9414504636793,570.6811065772188,2,21,46.74545454545454
24,7,9,0,6,5505.287025684366,2335.497887045341,8,7,48.27272727272727
3,11,22,22,13,6983.835191309421,3594.5528385210564,2,19,54.400000000000006
9,12,25,12,2,1499.6982014524986,1672.738462265238,4,18,55.56363636363637
2,4,23,14,49,3325.6255736850926,6133.8560213040955,1,13,55.95454545454545
17,14,6,4,15,3130.69053306159,792.3431683377514,3,6,68.13636363636364
35,4,4,20,18,2270.5492226928654,3514.2142033698915,6,4,25.89090909090909
21,10,0,16,17,1547.0495136979691,4901.629191089434,6,17,65.81818181818181
33,3,12,24,15,646.7063921296827,1979.9074809144806,2,1,33.63636363636364
7,5,20,22,7,6232.411357121149,4444.837011583123,4,10,62.27272727272728
39,2,25,23,32,3054.9711442669595,5839.819020968147,0,21,44.07272727272728
18,8,17,24,48,3578.889525800332,1494.2914306463233,9,7,55.40909090909092
36,4,12,5,11,6435.205927766227,6437.100024409067,9,0,15.872727272727275
5,2,20,20,10,5478.775247108445,3964.1980221040344,9,21,27.027272727272727
25,10,20,21,4,1087.4085959968527,2234.7776292472117,0,11,83.9090909090909
33,0,17,10,26,4044.855779732648,3129.836272599441,4,1,22.72727272727273
5,9,4,17,11,3207.315480333002,2322.9048097474383,9,17,48.13636363636363
36,11,12,3,16,5621.035293535587,5130.755887546549,8,6,45.45454545454546
32,5,3,2,5,5124.7813237612545,5614.844511222899,0,16,61.81818181818181
21,14,16,12,32,4894.758908995289,5863.974267766895,0,21,42.1090909090909
20,1,2,22,4,2515.704881263299,6903.22409718304,3,22,34.336363636363636
5,12,16,8,27,5673.753366714931,5580.733188977448,3,13,47.22727272727273
5,2,27,20,13,556.2608100450564,4289.411680682231,1,23,46.55454545454546
3,0,10,5,4,1285.449329738737,2506.69802906413,8,6,38.45454545454545
29,8,20,11,32,2482.2382562497996,3903.249051233096,8,21,36.163636363636364
10,7,19,1,49,722.2905992711127,479.26357497475686,1,2,28.70909090909091
29,11,22,2,47,1797.9610872359028,5264.810513603409,8,5,19.89090909090909
30,1,20,2,40,5845.0266843858435,3232.4977066262923,5,19,37.2
23,14,25,11,18,6648.110456972539,336.1579621788758,7,1,26.236363636363635
8,11,29,14,21,2271.296019264495,625.0472022707935,9,16,59.13636363636363
2,10,3,8,4,1998.7074671241,2834.7719539879454,3,11,57.49999999999999
30,7,1,22,1,2103.270035275703,4167.266329325359,1,11,74.86363636363636
39,11,19,7,29,2088.4897939857383,3356.5868528744613,1,16,75.95454545454545
36,13,15,10,46,444.3252388646164,4410.589357586653,8,9,55.0909090909091
35,8,27,15,38,6503.031155051535,3466.0009597812195,0,2,29.709090909090914
23,0,17,24,3,1653.147362678233,4699.586149273158,6,19,48.727272727272734
30,12,7,21,32,3056.0277037535534,1690.057239761446,2,17,75.18181818181819
5,4,2,3,12,265.87080263858064,967.3336728486256,2,12,64.81818181818181
1,7,8,0,19,6034.094618222389,4255.750891454488,1,11,57.40909090909091
19,14,28,23,6,5171.869942293437,3495.888715166891,9,16,57.045454545454554
27,10,19,6,14,6637.941039181182,382.70004750556,5,3,26.636363636363637
10,13,28,1,22,5514.985258535514,2787.2768213526438,9,22,25.827272727272728
3,1,5,23,13,2333.2042819540434,921.6539813387693,1,9,71.68181818181819
14,3,9,4,22,1885.5388393532808,3813.2264559183272,9,10,43.22727272727273
5,6,20,6,18,4944.470891362392,2891.2882216909293,3,5,25.981818181818184
29,2,9,3,28,2675.966870071396,4369.432995500521,9,5,18.74545454545455
37,12,12,4,19,4050.2621071177928,5678.09508763762,8,8,51.818181818181806
1,11,16,23,28,242.55080297999757,2237.747050122138,8,14,55.18181818181817
14,4,8,0,23,620.8227714272316,6742.294308322187,5,1,18.563636363636366
10,7,16,0,17,3840.5020000352283,3842.3146039955063,3,3,26.127272727272725
7,11,23,14,9,4049.2871958475225,4404.377431532558,6,4,24.581818181818182
25,9,8,19,40,5309.880022323537,4828.572137935012,0,16,68.81818181818183
4,2,8,18,7,1097.3641734429398,4733.774403031611,3,7,64.95454545454545
5,3,0,9,25,3689.6449695460956,3674.6010527064223,4,7,46.27272727272727
25,13,1,17,28,1522.2439821354826,3115.5971795798478,7,21,34.82727272727272
3,14,27,2,9,833.7336130263238,565.7173564061698,1,11,80.04545454545455
18,8,15,10,16,2991.3713996117713,350.18374804802227,4,20,60.07272727272728
19,13,28,14,1,1310.6892070055892,2634.1361228227997,5,7,67.77272727272728
32,13,0,10,5,1708.1174517077663,2468.89405630911,4,18,54.90909090909092
19,6,9,16,4,2359.371143112612,2836.3270529052456,8,2,21.636363636363637
11,0,17,16,27,1963.8411250537345,1140.903766039692,9,17,51.5
0,13,25,5,40,795.6208223604356,5219.544239650537,0,20,53.527272727272724
25,11,27,4,4,811.4304650459756,6027.358020478425,2,18,56.21818181818181
13,3,7,7,17,1514.0960235923435,6583.259520543438,1,18,51.67272727272727
37,3,20,1,25,543.8024781248648,3548.0636639334557,2,14,67.63636363636364
36,8,27,15,19,4459.907733803105,4965.8867540529145,9,5,25.509090909090908
10,5,10,19,40,2153.821672260533,6017.747639363933,8,15,50.54545454545455
35,8,22,23,48,2102.2725808296827,3044.3795554357043,8,7,62.363636363636374
12,11,1,11,26,2457.588400816803,2304.007005119022,9,15,46.86363636363637
2,14,7,5,48,4707.014664626107,6569.726979803733,1,17,50.86363636363635
32,5,26,0,11,6120.310394087735,3706.600547324097,2,19,55.56363636363637
5,5,21,3,6,5361.791141378341,3581.3264288179703,3,15,58.22727272727273
9,4,7,16,2,5147.198765530646,1413.2294566317712,8,10,40.36363636363636
4,4,16,12,9,3493.860062085775,935.4540990988258,2,6,69.18181818181819
22,1,14,17,33,4917.8777873784,5926.326664887879,6,16,48.27272727272727
9,7,16,4,24,3958.7841026283654,4376.1055980751225,2,16,59.27272727272728
1,7,27,23,34,1670.5035916683964,2415.6071713322513,6,11,64.18181818181819
12,10,22,23,15,1618.4009006391448,1503.806278253812,6,12,77.36363636363637
39,12,23,2,1,2215.465646751927,3977.3815051534934,8,9,58.09090909090909
1,0,12,10,23,6393.45816259473,4170.65116697572,1,6,48.50000000000001
19,7,18,12,9,3922.420914582136,1607.5564884663956,5,13,70.4090909090909
0,4,4,3,37,5190.556563612712,5989.559085662023,8,22,14.727272727272728
36,1,11,13,21,2556.5995667525235,772.9976898597874,1,0,28.89090909090909
8,13,0,21,25,2972.4672405235315,2621.4329791316673,1,16,66.13636363636364
16,1,22,10,42,1053.8459347333094,4826.61401358515,4,3,22.254545454545458
8,13,4,9,38,1364.8057131873586,2064.0184739705646,9,20,34.58181818181818
10,14,7,18,26,5826.02457281779,5828.191324512649,9,4,14.636363636363638
14,14,12,17,28,4176.902695484398,5231.101220882744,9,19,35.23636363636364
23,5,7,5,46,2495.2207680099687,5565.355342927312,7,23,28.718181818181815
37,10,24,14,37,5659.388221169713,1009.9244439616706,8,22,34.69090909090909
34,12,22,20,19,1876.3353583382843,1155.7204703696918,1,6,92.77272727272728
29,8,10,9,26,6837.022350481386,2148.0214166631686,4,9,55.90909090909091
30,0,0,4,40,2544.759732673954,3722.9247233434153,6,16,47.45454545454546
4,11,12,4,19,2493.7144882283474,5286.509321555936,5,6,55.31818181818181
13,5,18,9,43,2321.0009576495954,5888.410057174144,5,0,21.727272727272727
10,8,23,4,18,1030.3583082851578,4989.480148508827,6,6,65.81818181818181
8,7,2,2,19,955.7326018576844,6514.4587944083405,2,23,35.07272727272726
33,10,23,22,34,4607.114234832039,5223.455865388326,2,10,71.36363636363636
11,5,16,5,46,6150.80270299472,2282.62163163138,9,8,37.13636363636364
34,2,4,3,1,5575.539469847379,2002.5527335022937,8,11,37.54545454545454
34,7,19,17,29,1159.5316393451874,4934.108662047412,7,2,25.83636363636364
0,8,20,8,33,3909.9584281860516,1511.5198670893772,4,3,24.872727272727275
39,0,7,16,21,918.022512641152,830.4607135098353,5,3,24.74545454545455
21,11,25,12,2,508.00357656892663,3819.1155490221186,9,12,59.95454545454546
28,8,13,14,5,4663.4238438164175,5787.162674496896,0,22,45.49090909090909
7,13,3,19,14,3839.035869026382,889.3829287950721,9,18,42.800000000000004
10,14,10,16,26,757.7610594380018,5584.861001810958,0,9,69.45454545454545
36,5,19,12,9,437.5868755607214,5718.689629590527,3,4,29.509090909090908
13,5,14,15,8,6930.343611183475,3479.463200554496,1,6,69.04545454545456
29,11,18,21,32,404.1450586136888,589.7101080713103,6,23,43.909090909090914
34,3,6,3,31,3222.7921207410855,1387.2109884808676,1,15,66.77272727272727
20,0,18,4,47,3631.40936733233,5010.49867110114,9,0,13.8
36,9,27,4,5,997.5050050430264,5040.090025938456,1,11,78.77272727272728
4,7,18,8,40,1349.6200933900705,6308.815871140125,4,1,22.181818181818183
18,1,10,16,35,2592.274043590397,4162.265796571163,3,6,58.95454545454546
13,11,25,12,1,5379.395958252906,1043.9301004536862,7,10,55.95454545454545
25,0,4,1,28,3648.1604836098136,1025.6213574338105,3,12,56.31818181818182
3,1,4,12,3,4537.732746960139,5103.700030026401,5,1,14.927272727272731
24,0,29,21,0,6899.1869746165885,1449.7357227337277,4,6,58.18181818181818
24,0,21,20,18,5422.436960129826,2433.0213973929162,1,14,69.4090909090909
17,8,7,22,25,3153.6581873602804,3513.0416470690147,7,10,54.045454545454554
39,12,9,18,24,3235.8050682165313,368.4011675178282,1,1,30.92727272727273
7,13,5,2,9,4407.650123878834,1891.9693837355367,8,6,50.54545454545455
38,0,14,9,14,4724.48341724855,2973.6493378495043,8,3,20.545454545454543
39,12,15,1,21,3604.834295689365,2101.5269657538024,2,10,65.81818181818181
13,3,27,12,47,4585.056315141864,1127.3182267794477,3,1,26.27272727272727
31,9,16,18,20,360.02096201587165,5150.483353014142,7,15,64.86363636363637
37,5,7,16,21,3121.43547449854,5729.404055142298,8,6,48.36363636363636
32,6,7,20,35,2096.7789172996418,1950.857037777329,2,12,78.81818181818183
22,1,24,13,33,1078.3862276531506,5466.052563322863,4,4,23.78181818181818
14,5,8,11,29,876.9162870996709,2821.764237928934,7,16,54.40909090909092
32,6,1,20,24,4301.706726179739,3645.463377807219,2,20,54.10909090909092
24,9,14,11,44,3760.4837206377597,6020.807309273439,6,11,51.0909090909091
16,13,17,10,27,1924.3719955753104,5299.685036256374,7,18,41.85454545454546
32,9,2,6,0,3402.4603996530986,5674.794588950009,9,6,34.40909090909091
1,1,16,3,48,3547.1797432403764,1130.5471327872265,2,5,21.163636363636364
13,14,3,18,44,1526.0610669825876,674.0920956693604,1,7,72.13636363636364
39,1,29,0,3,4634.232820795224,6275.152157798312,9,12,40.04545454545455
39,9,3,23,6,5510.251623425415,2837.2730330834415,6,4,23.781818181818185
38,6,13,2,48,5581.952078048729,2157.5818108738295,8,1,16.581818181818182
5,11,8,12,8,4296.794848783495,5127.934528980407,0,8,65.27272727272728
5,0,8,14,35,3679.1423611292958,5887.626056743025,2,10,47.0
2,7,24,1,18,614.8485724366853,6064.929428908446,4,23,36.654545454545456
6,10,25,10,0,2157.25283219092,2348.780559651546,2,5,25.09090909090909
7,12,22,3,9,834.2458380915554,5995.044260171383,0,6,71.0909090909091
14,2,29,18,35,6753.99749397362,478.3508217455486,6,6,58.09090909090908
28,10,17,16,8,1118.5449943351728,537.6981419260883,6,18,61.60000000000001
32,5,9,2,44,1232.0727869874938,4439.93052718425,9,5,19.000000000000004
29,8,20,17,45,6249.121004647347,629.1233099857144,7,10,56.95454545454546
38,5,3,7,41,6618.712327639913,2407.3423458690986,4,10,49.63636363636363
26,8,11,21,31,5407.637466797387,4774.740706479083,9,6,48.13636363636364
35,6,26,24,31,236.7534809741551,2493.414893168739,4,1,30.872727272727275
28,14,7,23,5,209.15464250463316,1421.2785137926523,4,18,64.72727272727273
37,8,1,18,47,2771.0852345546655,2113.184228606123,0,3,29.163636363636364
32,1,21,4,37,1175.088516074069,3311.512259302936,9,5,19.03636363636364
36,11,12,6,16,325.02576663086154,3432.62381641728,4,16,71.54545454545455
26,7,20,20,9,3355.6534879506316,5524.401573160973,5,4,27.21818181818182
32,7,15,7,49,6612.820902367406,5301.041960134286,0,6,59.00000000000001
3,1,27,4,26,2401.9731093365335,3306.3610709817194,6,8,49.27272727272728
21,11,1,16,49,4695.756613315136,5950.537973871646,0,0,25.272727272727273
1,13,10,4,34,4635.200401300597,976.8125424214917,1,0,25.836363636363636
9,3,9,3,20,1907.3447049231406,1936.40278155653,1,18,55.890909090909105
4,13,14,21,24,4622.8916920022775,5830.239951815311,4,5,21.890909090909094
9,14,16,18,27,1643.8710251508605,2770.359462657841,9,17,50.86363636363637
32,10,7,20,46,1029.6504123228456,6872.034599798127,6,9,55.81818181818182
37,14,17,1,14,4969.406341805892,3370.522314389281,0,10,77.54545454545455
12,6,22,10,3,971.3975563066338,5585.162236153596,9,0,19.654545454545456
30,10,8,21,28,6978.982686407616,2935.6878814001293,0,0,27.81818181818182
35,3,24,12,8,1447.4763278215594,3089.6839296245266,0,12,84.09090909090911
23,3,7,14,26,4240.164666743911,2803.6054015324476,5,4,22.454545454545457
14,5,26,11,25,2997.347085605608,5089.71421947352,1,19,56.76363636363636
28,9,13,21,18,1059.4276723585363,3923.121611607962,0,0,34.945454545454545
7,5,27,20,27,389.3385715264111,6617.69115730491,5,19,48.47272727272727
4,9,25,21,16,4434.579519591266,1906.0541524319124,1,2,32.89090909090909
28,14,24,10,42,5685.951433766058,883.8265781674215,5,17,60.86363636363637
3,2,17,6,40,5925.70649824586,2874.1780986746635,9,8,32.86363636363637
11,14,21,4,41,3482.4516169231542,4393.6464119980765,7,13,49.59090909090909
1,8,19,16,49,5486.697176840222,6053.4327710253665,1,16,53.22727272727272
26,11,29,23,19,4775.360507722105,2554.1388294262283,8,22,41.945454545454545
30,9,19,19,44,5124.930786994106,4645.749907646339,7,13,52.31818181818182
35,13,20,8,39,3549.673235508336,2581.3510309578896,9,3,21.07272727272727
35,10,11,13,38,4507.199833646464,4397.093164362315,0,4,29.490909090909096
25,1,18,11,48,5677.576212317187,6216.694039808426,6,20,30.83636363636364
26,5,13,5,22,2905.612393787757,1773.2319673639813,9,16,58.045454545454554
4,11,16,16,46,5680.65652589957,2948.843166327866,5,21,28.28181818181818
19,6,23,18,31,4225.714530965628,6954.203335722276,5,1,23.36363636363637
10,11,20,18,46,1328.1269657213466,6106.187792096333,5,22,34.99090909090909
9,12,2,15,32,367.85226912717536,4039.5510336941734,5,21,32.80909090909091
39,8,25,11,45,2666.724482714234,3713.067624609072,9,4,22.636363636363637
37,12,29,11,4,3917.535032415111,2135.2825996718307,6,3,25.818181818181824
5,2,22,19,42,5910.778394983721,3717.024108316,2,3,21.56363636363637
7,9,6,5,47,1066.9026249536741,5967.63418830364,5,5,17.800000000000004
22,2,16,22,33,5641.403164248338,4859.186690288908,2,19,51.05454545454546
25,6,11,3,39,6068.461513257143,2172.2993916103087,6,20,39.27272727272727
11,13,8,5,10,1224.6749116056696,1569.954663164024,6,12,65.72727272727272
25,3,14,10,49,5990.84137126869,2003.418051578438,7,21,25.936363636363634
12,12,17,0,2,6941.884261330986,1354.3625694712202,1,4,25.472727272727276
39,7,20,23,32,5142.504051128015,850.3567329612684,8,22,35.781818181818174
17,12,12,22,10,5536.4338364099185,3050.1259862059737,4,22,38.01818181818182
24,6,29,14,15,6962.02381940034,970.4373099082203,8,6,65.63636363636364
32,4,20,10,17,4317.272503576429,1369.0053925443094,9,19,48.32727272727273
39,6,29,24,29,2293.627397710496,3921.8078535085056,4,0,31.30909090909091
11,2,7,18,47,5895.209671717179,1319.2750611571082,6,13,47.09090909090909
35,11,13,17,9,4378.503287079093,634.3824185301394,8,23,40.14545454545455
3,1,7,16,17,4152.128881302504,2358.2441801896193,3,3,22.345454545454547
4,5,13,18,37,1924.7217774954602,1698.1698706293791,1,16,74.77272727272728
36,1,6,20,18,5343.073033163629,3704.075278361762,8,20,37.163636363636364
7,2,22,13,35,755.3374758486545,896.0961751658233,1,13,72.22727272727273
27,5,11,17,12,6485.152081403697,5312.041356244251,2,15,65.18181818181819
30,4,10,18,45,2415.5995332392963,6362.387932158943,9,13,44.68181818181819
8,7,21,14,2,1068.867638971935,5255.359182902122,1,15,66.22727272727272
28,8,21,14,9,3208.0924250964476,3823.223854329481,2,23,47.236363636363635
